{
  "best_model": "best_model",
  "logistic_regression": {
    "test_results": {
      "accuracy": 0.7906316536550745,
      "precision": 0.6230529595015576,
      "recall": 0.5347593582887701,
      "f1": 0.5755395683453237,
      "roc_auc": 0.8357965847735669
    }
  },
  "random_forest": {
    "test_results": {
      "accuracy": 0.7934705464868701,
      "precision": 0.6387959866220736,
      "recall": 0.5106951871657754,
      "f1": 0.5676077265973254,
      "roc_auc": 0.8383450877057016
    }
  },
  "xgboost": {
    "test_results": {
      "accuracy": 0.801277501774308,
      "precision": 0.6643356643356644,
      "recall": 0.5080213903743316,
      "f1": 0.5757575757575758,
      "roc_auc": 0.8400449507866388
    }
  }
}